{"cameraMode":{"drawMode":0,"name":"Shaded","section":"Shading Mode"},"sceneLighting":false,"audioPlay":false,"sceneViewState":{"showFog":true,"showMaterialUpdate":false,"showSkybox":true,"showFlares":true,"showImageEffects":true,"showParticleSystems":true},"in2DMode":false,"pivot":{"x":-26.100000381469728,"y":0.0,"z":59.900001525878909},"rotation":{"x":-0.013259603641927243,"y":0.9860044717788696,"z":-0.09674941748380661,"w":-0.13512997329235078},"size":87.80220031738281,"orthographic":false}