{"cameraMode":{"drawMode":0,"name":"Shaded","section":"Shading Mode"},"sceneLighting":true,"audioPlay":false,"sceneViewState":{"showFog":true,"showMaterialUpdate":false,"showSkybox":false,"showFlares":true,"showImageEffects":true,"showParticleSystems":true},"in2DMode":false,"pivot":{"x":66.72126770019531,"y":137.46707153320313,"z":27.100006103515626},"rotation":{"x":0.05293675884604454,"y":-0.757908284664154,"z":0.6472510099411011,"w":0.06198825687170029},"size":808.8079833984375,"orthographic":false}