{"cameraMode":{"drawMode":0,"name":"Shaded","section":"Shading Mode"},"sceneLighting":true,"audioPlay":false,"sceneViewState":{"showFog":true,"showMaterialUpdate":false,"showSkybox":false,"showFlares":true,"showImageEffects":true,"showParticleSystems":true},"in2DMode":false,"pivot":{"x":-127.61730194091797,"y":-7.84475040435791,"z":-56.29612731933594},"rotation":{"x":-0.021453602239489557,"y":0.7869337201118469,"z":-0.027403779327869417,"w":-0.6160556674003601},"size":129.22100830078126,"orthographic":false}